Time,Total Time,Instances,Avg,Med,Min,Max,StdDev,Name
0.00%,94.645 ms,192,492.941 μs,509.455 μs,306.016 μs,712.288 μs,122.712 μs,ampere_bf16_s16816gemm_bf16_256x128_ldg8_f2f_stages_64x3_tn
0.00%,78.287 ms,412,190.016 μs,189.951 μs,188.415 μs,197.823 μs,845 ns,ampere_bf16_s16816gemm_bf16_128x64_ldg8_f2f_stages_64x4_tn
0.00%,72.281 ms,12096,5.975 μs,6.048 μs,5.504 μs,6.624 μs,196 ns,"void flash::flash_fwd_splitkv_combine_kernel<Flash_fwd_kernel_traits<(int)128, (int)64, (int)128, (int)4, (bool)0, (bool)0, cutlass::bfloat16_t, Flash_kernel_traits<(int)128, (int)64, (int)128, (int)4, cutlass::bfloat16_t>>, (int)4, (int)1, (bool)1>(flash::Flash_fwd_params)"
0.00%,35.305 ms,2375,14.865 μs,14.848 μs,14.016 μs,19.552 μs,311 ns,"void at::native::reduce_kernel<(int)512, (int)1, at::native::ReduceOp<float, at::native::ArgMaxOps<float>, unsigned int, long, (int)4, (int)4>>(T3)"
0.00%,31.245 ms,3648,8.564 μs,8.480 μs,8.224 μs,10.880 μs,435 ns,"void flash::flash_fwd_splitkv_kernel<Flash_fwd_kernel_traits<(int)128, (int)64, (int)128, (int)4, (bool)0, (bool)0, cutlass::bfloat16_t, Flash_kernel_traits<(int)128, (int)64, (int)128, (int)4, cutlass::bfloat16_t>>, (bool)0, (bool)0, (bool)0, (bool)0, (bool)1, (bool)0, (bool)0, (bool)0>(flash::Flash_fwd_params)"
0.00%,24.502 ms,3136,7.813 μs,7.808 μs,7.296 μs,8.384 μs,182 ns,"void flash::flash_fwd_splitkv_combine_kernel<Flash_fwd_kernel_traits<(int)128, (int)64, (int)128, (int)4, (bool)0, (bool)0, cutlass::bfloat16_t, Flash_kernel_traits<(int)128, (int)64, (int)128, (int)4, cutlass::bfloat16_t>>, (int)4, (int)4, (bool)1>(flash::Flash_fwd_params)"
0.00%,23.222 ms,4251,5.462 μs,5.216 μs,4.767 μs,245.087 μs,7.687 μs,"void vllm::rms_norm_kernel<c10::BFloat16>(T1 *, const T1 *, long, const T1 *, float, int, int)"
0.00%,23.073 ms,160,144.207 μs,138.175 μs,11.776 μs,245.855 μs,77.148 μs,"void flash::flash_fwd_splitkv_kernel<Flash_fwd_kernel_traits<(int)128, (int)64, (int)128, (int)4, (bool)0, (bool)0, cutlass::bfloat16_t, Flash_kernel_traits<(int)128, (int)64, (int)128, (int)4, cutlass::bfloat16_t>>, (bool)1, (bool)0, (bool)0, (bool)0, (bool)1, (bool)0, (bool)0, (bool)0>(flash::Flash_fwd_params)"
0.00%,21.127 ms,4239,4.983 μs,3.872 μs,3.520 μs,16.191 μs,1.781 μs,"void at::native::<unnamed>::indexSelectSmallIndex<c10::BFloat16, long, unsigned int, (int)2, (int)2, (int)-2>(at::cuda::detail::TensorInfo<T1, T3>, at::cuda::detail::TensorInfo<const T1, T3>, at::cuda::detail::TensorInfo<const T2, T3>, int, int, T3, long)"
0.00%,14.807 ms,128,115.677 μs,115.599 μs,114.656 μs,117.759 μs,569 ns,"void at::native::vectorized_elementwise_kernel<(int)4, at::native::FillFunctor<signed char>, std::array<char *, (unsigned long)1>>(int, T2, T3)"
0.00%,13.589 ms,2292,5.928 μs,5.952 μs,5.536 μs,7.680 μs,149 ns,"void at::native::index_elementwise_kernel<(int)128, (int)4, void at::native::gpu_index_kernel<void at::native::index_kernel_impl<at::native::OpaqueType<(int)2>>(at::TensorIteratorBase &, c10::ArrayRef<long>, c10::ArrayRef<long>)::[lambda(char *, const char *, long) (instance 1)]>(at::TensorIteratorBase &, c10::ArrayRef<long>, c10::ArrayRef<long>, const T1 &, bool)::[lambda(int) (instance 1)]>(long, T3)"
0.00%,8.768 ms,128,68.503 μs,68.464 μs,67.487 μs,70.591 μs,574 ns,ampere_bf16_s16816gemm_bf16_64x128_ldg8_f2f_stages_64x4_tn
0.00%,8.406 ms,256,32.835 μs,32.896 μs,16.160 μs,63.551 μs,16.085 μs,"void vllm::moe::moe_align_block_size_kernel<int>(const T1 *, int *, int *, int *, int, int, int, int, unsigned long, int *, int)"
0.00%,5.892 ms,256,23.014 μs,21.824 μs,7.584 μs,49.344 μs,14.348 μs,"void vllm::moe::count_and_sort_expert_tokens_kernel<int>(const T1 *, int *, int *, unsigned long, int)"
0.00%,5.214 ms,2367,2.203 μs,2.144 μs,1.792 μs,3.008 μs,132 ns,"void at::native::unrolled_elementwise_kernel<at::native::direct_copy_kernel_cuda(at::TensorIteratorBase &)::[lambda() (instance 3)]::operator ()() const::[lambda() (instance 3)]::operator ()() const::[lambda(int) (instance 1)], std::array<char *, (unsigned long)2>, (int)4, TrivialOffsetCalculator<(int)1, unsigned int>, TrivialOffsetCalculator<(int)1, unsigned int>, at::native::memory::LoadWithCast<(int)1>, at::native::memory::StoreWithCast<(int)1>>(int, T1, T2, T4, T5, T6, T7)"
0.00%,4.992 ms,1967,2.537 μs,2.400 μs,2.176 μs,50.976 μs,2.334 μs,"void at::native::vectorized_gather_kernel<(int)16, long>(char *, char *, T2 *, int, long, long, long, long, bool)"
0.00%,4.090 ms,2360,1.732 μs,1.696 μs,1.632 μs,2.368 μs,77 ns,"void at::native::unrolled_elementwise_kernel<at::native::CUDAFunctorOnSelf_add<int>, std::array<char *, (unsigned long)2>, (int)4, TrivialOffsetCalculator<(int)1, unsigned int>, TrivialOffsetCalculator<(int)1, unsigned int>, at::native::memory::LoadWithoutCast, at::native::memory::StoreWithoutCast>(int, T1, T2, T4, T5, T6, T7)"
0.00%,3.801 ms,8,475.073 μs,203.071 μs,14.688 μs,1.112 ms,492.369 μs,ncclDevKernel_AllReduce_Sum_f32_RING_LL(ncclDevKernelArgsStorage<(unsigned long)4096>)
0.00%,2.824 ms,412,6.855 μs,6.816 μs,6.592 μs,8.384 μs,180 ns,"void cublasLt::splitKreduce_kernel<(int)32, (int)16, int, __nv_bfloat16, __nv_bfloat16, float, __nv_bfloat16, (bool)0, __nv_bfloat16, __nv_bfloat16, __nv_bfloat16, (bool)1, (bool)0, (bool)0>(cublasLt::cublasSplitKParams<T6>, const T4 *, const T10 *, T9 *, T5 *, const T6 *, const T6 *, const T11 *, const T4 *, T11 *, void *, long, T6 *, int *, T6 *, T6 *, const T6 *, const T6 *, const T6 *, const T6 *, const T6 *)"
0.00%,2.580 ms,1443,1.787 μs,1.792 μs,1.759 μs,2.304 μs,34 ns,"void at::native::unrolled_elementwise_kernel<at::native::FillFunctor<long>, std::array<char *, (unsigned long)1>, (int)4, TrivialOffsetCalculator<(int)0, unsigned int>, TrivialOffsetCalculator<(int)1, unsigned int>, at::native::memory::LoadWithoutCast, at::native::memory::StoreWithoutCast>(int, T1, T2, T4, T5, T6, T7)"
0.00%,1.853 ms,8,231.686 μs,232.702 μs,221.823 μs,234.464 μs,4.059 μs,ampere_bf16_s16816gemm_bf16_256x64_ldg8_f2f_stages_64x3_tn
0.00%,1.717 ms,929,1.848 μs,1.824 μs,1.536 μs,2.560 μs,65 ns,"void at::native::vectorized_elementwise_kernel<(int)2, at::native::FillFunctor<long>, std::array<char *, (unsigned long)1>>(int, T2, T3)"
0.00%,1.121 ms,32,35.019 μs,36.511 μs,27.007 μs,39.872 μs,4.340 μs,"void at_cuda_detail::cub::DeviceRadixSortOnesweepKernel<at_cuda_detail::cub::DeviceRadixSortPolicy<float, at::cuda::cub::detail::OpaqueType<(int)8>, unsigned long long>::Policy900, (bool)0, float, at::cuda::cub::detail::OpaqueType<(int)8>, unsigned long long, int, int, at_cuda_detail::cub::detail::identity_decomposer_t>(T7 *, T7 *, T5 *, const T5 *, T3 *, const T3 *, T4 *, const T4 *, T6, int, int, T8)"
0.00%,696.287 μs,128,5.439 μs,5.440 μs,5.280 μs,5.632 μs,52 ns,void cutlass::Kernel2<cutlass_80_tensorop_s16816gemm_bf16_64x64_64x6_tn_align8>(T1::Params)
0.00%,480.093 μs,8,60.011 μs,60.031 μs,59.936 μs,60.096 μs,51 ns,"void at::native::tensor_kernel_scan_innermost_dim<float, std::plus<float>>(T1 *, const T1 *, unsigned int, unsigned int, unsigned int, T1, T2)"
0.00%,372.606 μs,128,2.911 μs,2.848 μs,2.656 μs,3.232 μs,143 ns,"void at_cuda_detail::cub::DeviceSelectSweepKernel<at_cuda_detail::cub::detail::device_select_policy_hub<long, bool, int, (bool)0, (bool)0>::Policy900, at_cuda_detail::cub::CountingInputIterator<long, long>, at_cuda_detail::cub::TransformInputIterator<bool, at::native::<unnamed>::NonZeroOp<bool>, const bool *, long>, long *, int *, at_cuda_detail::cub::ScanTileState<int, (bool)1>, at_cuda_detail::cub::NullType, at_cuda_detail::cub::NullType, int, (bool)0, (bool)0>(T2, T3, T4, T5, T6, T7, T8, T9, int, at_cuda_detail::cub::detail::vsmem_t)"
0.00%,353.375 μs,128,2.760 μs,2.848 μs,2.400 μs,3.424 μs,227 ns,"void at_cuda_detail::cub::DeviceReduceSingleTileKernel<at_cuda_detail::cub::DeviceReducePolicy<int, unsigned long long, cuda::std::__4::plus<void>>::Policy600, at_cuda_detail::cub::TransformInputIterator<bool, at::native::<unnamed>::NonZeroOp<bool>, const bool *, long>, int *, unsigned long long, cuda::std::__4::plus<void>, int, int, cuda::std::__4::__identity>(T2, T3, T4, T5, T6, T8)"
0.00%,334.622 μs,16,20.913 μs,20.944 μs,17.055 μs,24.736 μs,3.743 μs,"void at::native::<unnamed>::cunn_SoftMaxForward<(int)4, float, float, float, at::native::<unnamed>::SoftMaxForwardEpilogue>(T4 *, const T2 *, int)"
0.00%,293.472 μs,128,2.292 μs,2.240 μs,2.048 μs,2.624 μs,150 ns,"void at::native::vectorized_elementwise_kernel<(int)4, at::native::AUnaryFunctor<int, int, bool, at::native::<unnamed>::CompareEqFunctor<int>>, std::array<char *, (unsigned long)2>>(int, T2, T3)"
0.00%,261.886 μs,128,2.046 μs,1.967 μs,1.792 μs,2.688 μs,162 ns,"void at::native::vectorized_elementwise_kernel<(int)4, at::native::FillFunctor<int>, std::array<char *, (unsigned long)1>>(int, T2, T3)"
0.00%,248.575 μs,128,1.942 μs,1.856 μs,1.728 μs,2.272 μs,152 ns,"void <unnamed>::elementwise_kernel_with_index<int, at::native::arange_cuda_out(const c10::Scalar &, const c10::Scalar &, const c10::Scalar &, at::Tensor &)::[lambda() (instance 1)]::operator ()() const::[lambda() (instance 3)]::operator ()() const::[lambda(long) (instance 1)]>(T1, T2, function_traits<T2>::result_type *)"
0.00%,241.631 μs,8,30.203 μs,30.288 μs,28.895 μs,31.616 μs,1.025 μs,"void at::native::_scatter_gather_elementwise_kernel<(int)128, (int)8, void at::native::_cuda_scatter_gather_internal_kernel<(bool)1, at::native::OpaqueType<(int)4>, long>::operator ()<at::native::TensorAssign>(at::TensorIterator &, long, long, long, const T1 &)::[lambda(int) (instance 1)]>(int, T3)"
0.00%,241.278 μs,128,1.885 μs,1.824 μs,1.664 μs,2.176 μs,149 ns,"void at_cuda_detail::cub::DeviceCompactInitKernel<at_cuda_detail::cub::ScanTileState<int, (bool)1>, int *>(T1, int, T2)"
0.00%,182.431 μs,8,22.803 μs,22.736 μs,22.400 μs,23.168 μs,294 ns,"void at_cuda_detail::cub::DeviceRadixSortOnesweepKernel<at_cuda_detail::cub::DeviceRadixSortPolicy<long, at_cuda_detail::cub::NullType, unsigned long long>::Policy900, (bool)0, long, at_cuda_detail::cub::NullType, unsigned long long, int, int, at_cuda_detail::cub::detail::identity_decomposer_t>(T7 *, T7 *, T5 *, const T5 *, T3 *, const T3 *, T4 *, const T4 *, T6, int, int, T8)"
0.00%,154.846 μs,8,19.355 μs,19.360 μs,19.232 μs,19.456 μs,86 ns,"void at::native::<unnamed>::sort_postprocess_kernel<float>(const T1 *, T1 *, long *, const int2 *, int, int)"
0.00%,116.736 μs,16,7.296 μs,7.280 μs,7.040 μs,7.488 μs,135 ns,"void at::native::elementwise_kernel<(int)128, (int)4, void at::native::gpu_kernel_impl_nocast<at::native::<unnamed>::CompareFunctor<float>>(at::TensorIteratorBase &, const T1 &)::[lambda(int) (instance 1)]>(int, T3)"
0.00%,109.440 μs,60,1.824 μs,1.760 μs,1.344 μs,2.912 μs,445 ns,"void at::native::vectorized_elementwise_kernel<(int)4, at::native::FillFunctor<float>, std::array<char *, (unsigned long)1>>(int, T2, T3)"
0.00%,89.984 μs,4,22.496 μs,22.496 μs,21.984 μs,23.008 μs,446 ns,"void at::native::<unnamed>::CatArrayBatchedCopy_alignedK_contig<at::native::<unnamed>::OpaqueType<(unsigned int)4>, unsigned int, (int)2, (int)128, (int)1, (int)16>(T1 *, at::native::<unnamed>::CatArrInputTensorMetadata<T1, T2, T4, T5>, at::native::<unnamed>::TensorSizeStride<T2, (unsigned int)4>, int, T2)"
0.00%,80.544 μs,8,10.068 μs,10.096 μs,9.920 μs,10.176 μs,87 ns,"void at_cuda_detail::cub::DeviceRadixSortHistogramKernel<at_cuda_detail::cub::DeviceRadixSortPolicy<float, at::cuda::cub::detail::OpaqueType<(int)8>, unsigned long long>::Policy900, (bool)0, float, unsigned long long, at_cuda_detail::cub::detail::identity_decomposer_t>(T4 *, const T3 *, T4, int, int, T5)"
0.00%,72.191 μs,16,4.511 μs,4.512 μs,4.224 μs,4.736 μs,110 ns,"void at::native::vectorized_elementwise_kernel<(int)4, at::native::<unnamed>::masked_fill_kernel(at::TensorIterator &, const c10::Scalar &)::[lambda() (instance 1)]::operator ()() const::[lambda() (instance 7)]::operator ()() const::[lambda(float, bool) (instance 1)], std::array<char *, (unsigned long)3>>(int, T2, T3)"
0.00%,71.840 μs,8,8.980 μs,8.992 μs,8.928 μs,9.024 μs,38 ns,"void at::native::<unnamed>::distribution_elementwise_grid_stride_kernel<float, (int)4, void at::native::templates::cuda::uniform_and_transform<float, float, at::CUDAGeneratorImpl *, void at::native::templates::cuda::exponential_kernel<at::CUDAGeneratorImpl *>(at::TensorIteratorBase &, double, T1)::[lambda() (instance 1)]::operator ()() const::[lambda() (instance 2)]::operator ()() const::[lambda(float) (instance 1)]>(at::TensorIteratorBase &, T3, T4)::[lambda(curandStatePhilox4_32_10 *) (instance 2)], void at::native::<unnamed>::distribution_nullary_kernel<float, float, float4, at::CUDAGeneratorImpl *, void at::native::templates::cuda::uniform_and_transform<float, float, at::CUDAGeneratorImpl *, void at::native::templates::cuda::exponential_kernel<at::CUDAGeneratorImpl *>(at::TensorIteratorBase &, double, T1)::[lambda() (instance 1)]::operator ()() const::[lambda() (instance 2)]::operator ()() const::[lambda(float) (instance 1)]>(at::TensorIteratorBase &, T3, T4)::[lambda(curandStatePhilox4_32_10 *) (instance 2)], void at::native::templates::cuda::exponential_kernel<at::CUDAGeneratorImpl *>(at::TensorIteratorBase &, double, T1)::[lambda() (instance 1)]::operator ()() const::[lambda() (instance 2)]::operator ()() const::[lambda(float) (instance 1)]>(at::TensorIteratorBase &, T4, const T5 &, T6)::[lambda(int, float) (instance 1)]>(long, at::PhiloxCudaState, T3, T4)"
0.00%,62.399 μs,8,7.799 μs,7.808 μs,7.776 μs,7.839 μs,22 ns,"at::native::<unnamed>::fill_index_and_segment_kernel(int2 *, int, at::cuda::detail::IntDivider<unsigned int>)"
0.00%,58.208 μs,8,7.276 μs,7.264 μs,7.168 μs,7.456 μs,92 ns,"void at::native::vectorized_elementwise_kernel<(int)4, at::native::BinaryFunctor<float, float, float, at::native::binary_internal::DivFunctor<float>>, std::array<char *, (unsigned long)3>>(int, T2, T3)"
0.00%,48.960 μs,4,12.240 μs,12.240 μs,12.160 μs,12.320 μs,76 ns,"void at::native::elementwise_kernel<(int)128, (int)2, void at::native::gpu_kernel_impl_nocast<at::native::BinaryFunctor<float, float, float, at::native::binary_internal::MulFunctor<float>>>(at::TensorIteratorBase &, const T1 &)::[lambda(int) (instance 1)]>(int, T3)"
0.00%,48.639 μs,8,6.079 μs,6.079 μs,6.016 μs,6.208 μs,68 ns,"void at_cuda_detail::cub::DeviceRadixSortHistogramKernel<at_cuda_detail::cub::DeviceRadixSortPolicy<long, at_cuda_detail::cub::NullType, unsigned long long>::Policy900, (bool)0, long, unsigned long long, at_cuda_detail::cub::detail::identity_decomposer_t>(T4 *, const T3 *, T4, int, int, T5)"
0.00%,47.072 μs,4,11.768 μs,11.648 μs,11.584 μs,12.192 μs,284 ns,"void at::native::vectorized_elementwise_kernel<(int)4, at::native::bfloat16_copy_kernel_cuda(at::TensorIteratorBase &)::[lambda(float) (instance 1)], std::array<char *, (unsigned long)2>>(int, T2, T3)"
0.00%,43.136 μs,4,10.784 μs,10.704 μs,10.464 μs,11.264 μs,345 ns,"void at::native::vectorized_elementwise_kernel<(int)4, at::native::sin_kernel_cuda(at::TensorIteratorBase &)::[lambda() (instance 2)]::operator ()() const::[lambda() (instance 2)]::operator ()() const::[lambda(float) (instance 1)], std::array<char *, (unsigned long)2>>(int, T2, T3)"
0.00%,38.144 μs,8,4.768 μs,4.768 μs,4.640 μs,4.864 μs,88 ns,"void at::native::<unnamed>::distribution_elementwise_grid_stride_kernel<float, (int)4, void at::native::templates::cuda::uniform_and_transform<c10::BFloat16, float, at::CUDAGeneratorImpl *, void at::native::templates::cuda::uniform_kernel<at::CUDAGeneratorImpl *>(at::TensorIteratorBase &, double, double, T1)::[lambda() (instance 1)]::operator ()() const::[lambda() (instance 4)]::operator ()() const::[lambda(float) (instance 1)]>(at::TensorIteratorBase &, T3, T4)::[lambda(curandStatePhilox4_32_10 *) (instance 2)], void at::native::<unnamed>::distribution_nullary_kernel<c10::BFloat16, float, float4, at::CUDAGeneratorImpl *, void at::native::templates::cuda::uniform_and_transform<c10::BFloat16, float, at::CUDAGeneratorImpl *, void at::native::templates::cuda::uniform_kernel<at::CUDAGeneratorImpl *>(at::TensorIteratorBase &, double, double, T1)::[lambda() (instance 1)]::operator ()() const::[lambda() (instance 4)]::operator ()() const::[lambda(float) (instance 1)]>(at::TensorIteratorBase &, T3, T4)::[lambda(curandStatePhilox4_32_10 *) (instance 2)], void at::native::templates::cuda::uniform_kernel<at::CUDAGeneratorImpl *>(at::TensorIteratorBase &, double, double, T1)::[lambda() (instance 1)]::operator ()() const::[lambda() (instance 4)]::operator ()() const::[lambda(float) (instance 1)]>(at::TensorIteratorBase &, T4, const T5 &, T6)::[lambda(int, float) (instance 1)]>(long, at::PhiloxCudaState, T3, T4)"
0.00%,38.080 μs,4,9.520 μs,9.536 μs,9.440 μs,9.568 μs,61 ns,"void at::native::vectorized_elementwise_kernel<(int)4, at::native::cos_kernel_cuda(at::TensorIteratorBase &)::[lambda() (instance 2)]::operator ()() const::[lambda() (instance 2)]::operator ()() const::[lambda(float) (instance 1)], std::array<char *, (unsigned long)2>>(int, T2, T3)"
0.00%,37.086 μs,16,2.317 μs,2.240 μs,2.208 μs,2.592 μs,128 ns,"void at::native::vectorized_elementwise_kernel<(int)4, void at::native::compare_scalar_kernel<float>(at::TensorIteratorBase &, at::native::<unnamed>::OpType, T1)::[lambda(float) (instance 1)], std::array<char *, (unsigned long)2>>(int, T2, T3)"
0.00%,22.816 μs,8,2.852 μs,2.784 μs,2.368 μs,3.360 μs,456 ns,"void <unnamed>::elementwise_kernel_with_index<int, at::native::arange_cuda_out(const c10::Scalar &, const c10::Scalar &, const c10::Scalar &, at::Tensor &)::[lambda() (instance 1)]::operator ()() const::[lambda() (instance 7)]::operator ()() const::[lambda(long) (instance 1)]>(T1, T2, function_traits<T2>::result_type *)"
0.00%,22.816 μs,8,2.852 μs,2.864 μs,2.432 μs,3.424 μs,300 ns,"void at::native::_scatter_gather_elementwise_kernel<(int)128, (int)8, void at::native::_cuda_scatter_gather_internal_kernel<(bool)0, at::native::OpaqueType<(int)4>, long>::operator ()<at::native::TensorAssign>(at::TensorIterator &, long, long, long, const T1 &)::[lambda(int) (instance 1)]>(int, T3)"
0.00%,19.136 μs,8,2.392 μs,2.400 μs,2.112 μs,2.720 μs,250 ns,"void at::native::vectorized_elementwise_kernel<(int)2, at::native::CUDAFunctorOnOther_add<long>, std::array<char *, (unsigned long)2>>(int, T2, T3)"
0.00%,18.720 μs,8,2.340 μs,2.192 μs,2.144 μs,2.784 μs,281 ns,"void at::native::elementwise_kernel<(int)128, (int)2, void at::native::gpu_kernel_impl_nocast<at::native::<unnamed>::where_kernel_impl(at::TensorIterator &)::[lambda() (instance 1)]::operator ()() const::[lambda() (instance 11)]::operator ()() const::[lambda(bool, float, float) (instance 1)]>(at::TensorIteratorBase &, const T1 &)::[lambda(int) (instance 1)]>(int, T3)"
0.00%,17.536 μs,8,2.192 μs,2.192 μs,2.176 μs,2.208 μs,17 ns,"void at_cuda_detail::cub::DeviceRadixSortExclusiveSumKernel<at_cuda_detail::cub::DeviceRadixSortPolicy<float, at::cuda::cub::detail::OpaqueType<(int)8>, unsigned long long>::Policy900, unsigned long long>(T2 *)"
0.00%,17.440 μs,8,2.180 μs,2.064 μs,2.016 μs,2.528 μs,210 ns,"void at::native::vectorized_elementwise_kernel<(int)2, at::native::<unnamed>::where_kernel_impl(at::TensorIterator &)::[lambda() (instance 1)]::operator ()() const::[lambda() (instance 8)]::operator ()() const::[lambda(bool, long, long) (instance 1)], std::array<char *, (unsigned long)4>>(int, T2, T3)"
0.00%,16.928 μs,4,4.232 μs,4.096 μs,3.968 μs,4.768 μs,370 ns,"void at::native::elementwise_kernel<(int)128, (int)4, void at::native::gpu_kernel_impl<at::native::<unnamed>::pow_tensor_tensor_kernel(at::TensorIteratorBase &)::[lambda() (instance 1)]::operator ()() const::[lambda() (instance 7)]::operator ()() const::[lambda(float, float) (instance 1)]>(at::TensorIteratorBase &, const T1 &)::[lambda(int) (instance 1)]>(int, T3)"
0.00%,16.160 μs,8,2.020 μs,2.000 μs,1.952 μs,2.112 μs,60 ns,"void at::native::vectorized_elementwise_kernel<(int)4, at::native::CUDAFunctorOnOther_add<float>, std::array<char *, (unsigned long)2>>(int, T2, T3)"
0.00%,15.935 μs,8,1.991 μs,1.824 μs,1.823 μs,2.304 μs,233 ns,"void at_cuda_detail::cub::DeviceRadixSortExclusiveSumKernel<at_cuda_detail::cub::DeviceRadixSortPolicy<long, at_cuda_detail::cub::NullType, unsigned long long>::Policy900, unsigned long long>(T2 *)"
0.00%,15.296 μs,8,1.912 μs,1.840 μs,1.792 μs,2.176 μs,164 ns,"void at::native::elementwise_kernel<(int)128, (int)4, void at::native::gpu_kernel_impl_nocast<at::native::FillFunctor<bool>>(at::TensorIteratorBase &, const T1 &)::[lambda(int) (instance 1)]>(int, T3)"
0.00%,10.496 μs,4,2.624 μs,2.544 μs,2.528 μs,2.880 μs,171 ns,"void at::native::vectorized_elementwise_kernel<(int)4, at::native::reciprocal_kernel_cuda(at::TensorIteratorBase &)::[lambda() (instance 1)]::operator ()() const::[lambda() (instance 2)]::operator ()() const::[lambda(float) (instance 1)], std::array<char *, (unsigned long)2>>(int, T2, T3)"
0.00%,9.152 μs,4,2.288 μs,2.208 μs,2.176 μs,2.560 μs,183 ns,"void at::native::vectorized_elementwise_kernel<(int)4, at::native::AUnaryFunctor<float, float, float, at::native::binary_internal::MulFunctor<float>>, std::array<char *, (unsigned long)2>>(int, T2, T3)"
0.00%,9.152 μs,4,2.288 μs,2.208 μs,2.176 μs,2.560 μs,183 ns,"void at::native::vectorized_elementwise_kernel<(int)4, at::native::BUnaryFunctor<float, float, float, at::native::binary_internal::MulFunctor<float>>, std::array<char *, (unsigned long)2>>(int, T2, T3)"
0.10%,326.934 ms,135979,2.404 μs,2.336 μs,1.952 μs,7.040 μs,282 ns,"void at::native::elementwise_kernel<(int)128, (int)2, void at::native::gpu_kernel_impl_nocast<at::native::BinaryFunctor<float, float, float, at::native::binary_internal::DivFunctor<float>>>(at::TensorIteratorBase &, const T1 &)::[lambda(int) (instance 1)]>(int, T3)"
0.10%,307.097 ms,135971,2.258 μs,2.208 μs,2.048 μs,6.624 μs,144 ns,"void vllm::moe::topkGatingSoftmax<(int)4, (int)8, (int)4, (int)16, (int)32, int>(const float *, const bool *, float *, int, T6 *, int *, int, int, int)"
0.10%,301.977 ms,62208,4.854 μs,4.864 μs,4.576 μs,6.272 μs,89 ns,ampere_s16816gemm_bf16_64x64_ldg8_stages_64x5_tn
0.10%,266.278 ms,136234,1.954 μs,1.888 μs,1.823 μs,47.136 μs,1.417 μs,"void at::native::vectorized_elementwise_kernel<(int)4, at::native::FillFunctor<c10::BFloat16>, std::array<char *, (unsigned long)1>>(int, T2, T3)"
0.10%,255.282 ms,75506,3.380 μs,3.296 μs,2.975 μs,61.984 μs,1.862 μs,"void vllm::reshape_and_cache_flash_kernel<__nv_bfloat16, __nv_bfloat16, (vllm::Fp8KVCacheDataType)0>(const T1 *, const T1 *, T2 *, T2 *, const long *, long, long, long, long, long, int, int, int, const float *, const float *)"
0.10%,247.186 ms,73381,3.368 μs,3.360 μs,3.040 μs,4.480 μs,106 ns,"void dot_kernel<float, (int)128, (int)0, cublasDotParams<cublasGemvTensorStridedBatched<const __nv_bfloat16>, cublasGemvTensorStridedBatched<float>>>(T4)"
0.10%,214.756 ms,29650,7.243 μs,7.232 μs,6.304 μs,8.096 μs,305 ns,"void flash::flash_fwd_splitkv_combine_kernel<Flash_fwd_kernel_traits<(int)128, (int)64, (int)128, (int)4, (bool)0, (bool)0, cutlass::bfloat16_t, Flash_kernel_traits<(int)128, (int)64, (int)128, (int)4, cutlass::bfloat16_t>>, (int)4, (int)3, (bool)1>(flash::Flash_fwd_params)"
0.10%,176.978 ms,62336,2.839 μs,2.848 μs,2.400 μs,4.032 μs,50 ns,"void cublasLt::splitKreduce_kernel<(int)32, (int)16, int, float, __nv_bfloat16, float, __nv_bfloat16, (bool)0, __nv_bfloat16, __nv_bfloat16, __nv_bfloat16, (bool)1, (bool)0, (bool)0>(cublasLt::cublasSplitKParams<T6>, const T4 *, const T10 *, T9 *, T5 *, const T6 *, const T6 *, const T11 *, const T4 *, T11 *, void *, long, T6 *, int *, T6 *, T6 *, const T6 *, const T6 *, const T6 *, const T6 *, const T6 *)"
0.10%,168.439 ms,73381,2.295 μs,2.304 μs,2.240 μs,2.976 μs,54 ns,"void reduce_1Block_kernel<float, (int)128, (int)7, cublasGemvTensorStridedBatched<float>, cublasGemvTensorStridedBatched<const __nv_bfloat16>, cublasGemvTensorStridedBatched<__nv_bfloat16>>(const T1 *, T1, T4, int, const T1 *, T1, T5, T6, cublasPointerMode_t, cublasLtEpilogue_t, cublasGemvTensorStridedBatched<const biasType<T6::value_type, T1>::type>)"
0.10%,166.247 ms,26816,6.199 μs,6.176 μs,5.696 μs,6.912 μs,233 ns,"void flash::flash_fwd_splitkv_combine_kernel<Flash_fwd_kernel_traits<(int)128, (int)64, (int)128, (int)4, (bool)0, (bool)0, cutlass::bfloat16_t, Flash_kernel_traits<(int)128, (int)64, (int)128, (int)4, cutlass::bfloat16_t>>, (int)4, (int)2, (bool)1>(flash::Flash_fwd_params)"
0.10%,151.675 ms,62176,2.439 μs,2.400 μs,1.920 μs,3.200 μs,315 ns,"void at::native::elementwise_kernel<(int)128, (int)2, void at::native::gpu_kernel_impl_nocast<at::native::direct_copy_kernel_cuda(at::TensorIteratorBase &)::[lambda() (instance 3)]::operator ()() const::[lambda() (instance 7)]::operator ()() const::[lambda(float) (instance 1)]>(at::TensorIteratorBase &, const T1 &)::[lambda(int) (instance 1)]>(int, T3)"
0.20%,547.502 ms,136099,4.022 μs,3.904 μs,3.488 μs,8.224 μs,288 ns,"void at::native::index_elementwise_kernel<(int)128, (int)4, void at::native::gpu_index_kernel<void at::native::index_kernel_impl<at::native::OpaqueType<(int)4>>(at::TensorIteratorBase &, c10::ArrayRef<long>, c10::ArrayRef<long>)::[lambda(char *, const char *, long) (instance 1)]>(at::TensorIteratorBase &, c10::ArrayRef<long>, c10::ArrayRef<long>, const T1 &, bool)::[lambda(int) (instance 1)]>(long, T3)"
0.20%,487.286 ms,124352,3.918 μs,3.904 μs,3.616 μs,4.352 μs,211 ns,"void at::native::elementwise_kernel<(int)128, (int)4, void at::native::gpu_kernel_impl_nocast<at::native::direct_copy_kernel_cuda(at::TensorIteratorBase &)::[lambda() (instance 3)]::operator ()() const::[lambda() (instance 12)]::operator ()() const::[lambda(c10::BFloat16) (instance 1)]>(at::TensorIteratorBase &, const T1 &)::[lambda(int) (instance 1)]>(int, T3)"
0.20%,390.072 ms,138338,2.819 μs,2.720 μs,2.143 μs,10.048 μs,572 ns,"void at::native::unrolled_elementwise_kernel<at::native::direct_copy_kernel_cuda(at::TensorIteratorBase &)::[lambda() (instance 3)]::operator ()() const::[lambda() (instance 7)]::operator ()() const::[lambda(float) (instance 1)], std::array<char *, (unsigned long)2>, (int)4, TrivialOffsetCalculator<(int)1, unsigned int>, TrivialOffsetCalculator<(int)1, unsigned int>, at::native::memory::LoadWithCast<(int)1>, at::native::memory::StoreWithCast<(int)1>>(int, T1, T2, T4, T5, T6, T7)"
0.20%,372.142 ms,320,1.163 ms,1.014 ms,607.837 μs,1.953 ms,329.072 μs,ampere_bf16_s16816gemm_bf16_128x256_ldg8_f2f_stages_64x3_tn
0.20%,341.687 ms,144940,2.357 μs,2.304 μs,1.920 μs,6.848 μs,137 ns,"void at::native::unrolled_elementwise_kernel<at::native::direct_copy_kernel_cuda(at::TensorIteratorBase &)::[lambda() (instance 3)]::operator ()() const::[lambda() (instance 4)]::operator ()() const::[lambda(long) (instance 1)], std::array<char *, (unsigned long)2>, (int)4, TrivialOffsetCalculator<(int)1, unsigned int>, TrivialOffsetCalculator<(int)1, unsigned int>, at::native::memory::LoadWithCast<(int)1>, at::native::memory::StoreWithCast<(int)1>>(int, T1, T2, T4, T5, T6, T7)"
0.30%,750.972 ms,135970,5.523 μs,4.704 μs,3.264 μs,764.189 μs,22.592 μs,"void vllm::moe::moe_sum_kernel<c10::BFloat16, (int)2>(T1 *, const T1 *, int)"
0.30%,734.530 ms,135974,5.402 μs,5.184 μs,4.448 μs,219.264 μs,6.027 μs,"void vllm::rotary_embedding_kernel<c10::BFloat16, (bool)1>(const long *, T1 *, T1 *, const T1 *, int, long, long, long, int, int, int)"
0.30%,688.594 ms,135715,5.073 μs,5.024 μs,4.672 μs,8.352 μs,282 ns,"void vllm::moe::moe_align_block_size_small_batch_expert_kernel<int>(const T1 *, int *, int *, int *, int, int, unsigned long, int)"
0.30%,582.881 ms,135971,4.286 μs,4.224 μs,3.680 μs,6.624 μs,286 ns,"void at::native::reduce_kernel<(int)512, (int)1, at::native::ReduceOp<float, at::native::func_wrapper_t<float, at::native::sum_functor<float, float, float>::operator ()(at::TensorIterator &)::[lambda(float, float) (instance 1)]>, unsigned int, float, (int)4, (int)4>>(T3)"
0.40%,935.285 ms,18209,51.363 μs,29.536 μs,14.560 μs,21.208 ms,292.464 μs,ncclDevKernel_AllGather_RING_LL(ncclDevKernelArgsStorage<(unsigned long)4096>)
0.50%,1.216 s,271943,4.470 μs,4.192 μs,3.424 μs,199.327 μs,6.163 μs,"std::enable_if<T2>(int)0&&vllm::_typeConvert<T1>::exists, void>::type vllm::fused_add_rms_norm_kernel<c10::BFloat16, (int)8>(T1 *, long, T1 *, const T1 *, float, int, int)"
0.50%,1.123 s,71698,15.668 μs,14.848 μs,8.480 μs,26.752 μs,4.577 μs,"void flash::flash_fwd_splitkv_kernel<Flash_fwd_kernel_traits<(int)128, (int)64, (int)128, (int)4, (bool)0, (bool)0, cutlass::bfloat16_t, Flash_kernel_traits<(int)128, (int)64, (int)128, (int)4, cutlass::bfloat16_t>>, (bool)0, (bool)0, (bool)0, (bool)0, (bool)1, (bool)0, (bool)1, (bool)0>(flash::Flash_fwd_params)"
0.90%,1.924 s,4251,452.689 μs,245.567 μs,9.312 μs,44.861 ms,938.406 μs,ncclDevKernel_AllReduce_Sum_u32_RING_LL(ncclDevKernelArgsStorage<(unsigned long)4096>)
1.30%,3.019 s,73382,41.138 μs,41.056 μs,39.392 μs,56.704 μs,638 ns,void cutlass::Kernel2<cutlass_80_tensorop_bf16_s16816gemm_relu_bf16_64x64_64x6_tn_align8>(T1::Params)
1.30%,2.936 s,64187,45.749 μs,41.280 μs,35.520 μs,207.392 μs,25.252 μs,ampere_bf16_s16816gemm_bf16_64x64_sliced1x2_ldg8_f2f_stages_64x5_tn
1.40%,3.242 s,135970,23.842 μs,16.032 μs,11.680 μs,7.333 ms,203.159 μs,"void vllm::act_and_mul_kernel<c10::BFloat16, &vllm::silu_kernel<c10::BFloat16>, (bool)1>(T1 *, const T1 *, int)"
1.80%,4.061 s,135942,29.869 μs,29.696 μs,19.264 μs,57.280 μs,1.079 μs,ampere_bf16_s16816gemm_bf16_64x64_sliced1x2_ldg8_f2f_stages_64x6_tn
7.00%,15.803 s,117763,134.193 μs,75.391 μs,9.248 μs,8.566 ms,154.831 μs,ncclDevKernel_Broadcast_RING_LL(ncclDevKernelArgsStorage<(unsigned long)4096>)
32.90%,73.868 s,135970,543.264 μs,320.351 μs,8.192 μs,369.334 ms,8.109 ms,ncclDevKernel_Reduce_Sum_bf16_RING_LL(ncclDevKernelArgsStorage<(unsigned long)4096>)
48.30%,108.419 s,271941,398.684 μs,392.126 μs,2.624 μs,225.736 ms,2.446 ms,fused_moe_kernel